{
  "model": "gru",
  "config": {
    "lookback": 20,
    "hidden_size": 128,
    "num_layers": 2,
    "dropout": 0.2,
    "batch_size": 64,
    "learning_rate": 0.0005,
    "max_epochs": 50,
    "patience": 10,
    "embedding_dim": 8
  },
  "train": {
    "mae": 0.010963289067149162,
    "rmse": 0.017281977279008962,
    "directional_accuracy": 0.502495126705653
  },
  "validation": {
    "mae": 0.011371898464858532,
    "rmse": 0.01582478964702615,
    "directional_accuracy": 0.502979902979903
  },
  "test": {
    "mae": 0.009366252459585667,
    "rmse": 0.01329459979309683,
    "directional_accuracy": 0.49437229437229435
  }
}